file,src_bar,age,intent,reason,entry_close,now_close,delta
6EOutput0430.txt,34,3,EnterShort,enter_short_structured_persisted,1.16,1.15,0.0
6EOutput0430.txt,34,5,EnterShort,enter_short_structured_persisted,1.16,1.15,0.0
6EOutput0430.txt,34,10,EnterShort,enter_short_structured_persisted,1.16,1.15,0.0
6EOutput0430.txt,45,3,ExitShort,short_dead_signal_exit deg=5,1.15,1.16,0.0
6EOutput0430.txt,46,3,EnterShort,enter_short_structured_persisted,1.15,1.16,0.0
6EOutput0430.txt,45,5,ExitShort,short_dead_signal_exit deg=5,1.15,1.16,0.0
6EOutput0430.txt,48,3,ExitShort,exit_short_no_reverse strong_short_context longScore=0.59 CNT id=2 dir=Down state=PostP3 P1=36@1.16 P2=39@1.15 P3=40@1.15 FTT=NA domLeg=36-39 pb=40-42 post=48-48 postP3Len=1 imbP2=0.00 imbP3=-0.70,1.16,1.16,0.0
6EOutput0430.txt,46,5,EnterShort,enter_short_structured_persisted,1.15,1.16,0.0
6EOutput0430.txt,48,5,ExitShort,exit_short_no_reverse strong_short_context longScore=0.59 CNT id=2 dir=Down state=PostP3 P1=36@1.16 P2=39@1.15 P3=40@1.15 FTT=NA domLeg=36-39 pb=40-42 post=48-48 postP3Len=1 imbP2=0.00 imbP3=-0.70,1.16,1.16,0.0
6EOutput0430.txt,45,10,ExitShort,short_dead_signal_exit deg=5,1.15,1.16,0.0
6EOutput0430.txt,46,10,EnterShort,enter_short_structured_persisted,1.15,1.16,0.0
6EOutput0430.txt,48,10,ExitShort,exit_short_no_reverse strong_short_context longScore=0.59 CNT id=2 dir=Down state=PostP3 P1=36@1.16 P2=39@1.15 P3=40@1.15 FTT=NA domLeg=36-39 pb=40-42 post=48-48 postP3Len=1 imbP2=0.00 imbP3=-0.70,1.16,1.16,0.0
6EOutput0430.txt,66,3,EnterShort,enter_short_structured_persisted,1.16,1.16,0.0
6EOutput0430.txt,66,5,EnterShort,enter_short_structured_persisted,1.16,1.16,0.0
6EOutput0430.txt,66,10,EnterShort,enter_short_structured_persisted,1.16,1.16,0.0
6EOutput0430.txt,75,3,ExitShort,short_dead_signal_exit deg=5,1.16,1.16,0.0
6EOutput0430.txt,76,3,EnterShort,enter_short_structured_persisted,1.16,1.16,0.0
6EOutput0430.txt,75,5,ExitShort,short_dead_signal_exit deg=5,1.16,1.16,0.0
6EOutput0430.txt,78,3,ReverseToLong,reverse_to_long_valid phase=LongValid score=0.83 deg=3,1.16,1.16,0.0
6EOutput0430.txt,76,5,EnterShort,enter_short_structured_persisted,1.16,1.16,0.0
6EOutput0430.txt,78,5,ReverseToLong,reverse_to_long_valid phase=LongValid score=0.83 deg=3,1.16,1.16,0.0
6EOutput0430.txt,75,10,ExitShort,short_dead_signal_exit deg=5,1.16,1.16,0.0
6EOutput0430.txt,76,10,EnterShort,enter_short_structured_persisted,1.16,1.16,0.0
6EOutput0430.txt,78,10,ReverseToLong,reverse_to_long_valid phase=LongValid score=0.83 deg=3,1.16,1.16,0.0
6EOutput0430.txt,86,3,ExitLong,long_decay_exit phase=LongCandidate score=0.74 deg=6 exitTh=4 graceLimit=6 containerSupport=False earlySC=False,1.16,1.16,0.0
6EOutput0430.txt,86,5,ExitLong,long_decay_exit phase=LongCandidate score=0.74 deg=6 exitTh=4 graceLimit=6 containerSupport=False earlySC=False,1.16,1.16,0.0
6EOutput0430.txt,86,10,ExitLong,long_decay_exit phase=LongCandidate score=0.74 deg=6 exitTh=4 graceLimit=6 containerSupport=False earlySC=False,1.16,1.16,0.0
6EOutput0430.txt,155,3,EnterShort,enter_short_structured_persisted,1.16,1.16,0.0
6EOutput0430.txt,155,5,EnterShort,enter_short_structured_persisted,1.16,1.16,0.0
6EOutput0430.txt,161,3,ExitShort,short_ftt_failure_exit CNT id=8 dir=Down state=FttDetected P1=152@1.16 P2=153@1.16 P3=154@1.16 FTT=161@1.16 domLeg=152-153 pb=154-154 post=160-160 postP3Len=1 imbP2=0.00 imbP3=-1.00,1.16,1.16,0.0
6EOutput0430.txt,155,10,EnterShort,enter_short_structured_persisted,1.16,1.16,0.0
6EOutput0430.txt,161,5,ExitShort,short_ftt_failure_exit CNT id=8 dir=Down state=FttDetected P1=152@1.16 P2=153@1.16 P3=154@1.16 FTT=161@1.16 domLeg=152-153 pb=154-154 post=160-160 postP3Len=1 imbP2=0.00 imbP3=-1.00,1.16,1.16,0.0
6EOutput0430.txt,161,10,ExitShort,short_ftt_failure_exit CNT id=8 dir=Down state=FttDetected P1=152@1.16 P2=153@1.16 P3=154@1.16 FTT=161@1.16 domLeg=152-153 pb=154-154 post=160-160 postP3Len=1 imbP2=0.00 imbP3=-1.00,1.16,1.16,0.0
6EOutput0430.txt,170,3,EnterShort,enter_short_structured_persisted,1.16,1.16,0.0
6EOutput0430.txt,170,5,EnterShort,enter_short_structured_persisted,1.16,1.16,0.0
6EOutput0430.txt,174,3,ReverseToLong,reverse_to_long_valid phase=LongValid score=0.31 deg=5,1.16,1.16,0.0
6EOutput0430.txt,174,5,ReverseToLong,reverse_to_long_valid phase=LongValid score=0.31 deg=5,1.16,1.16,0.0
6EOutput0430.txt,170,10,EnterShort,enter_short_structured_persisted,1.16,1.16,0.0
CLOutput0430.txt,13,3,EnterShort,enter_short_structured_persisted,110.32,110.78,0.46
CLOutput0430.txt,13,5,EnterShort,enter_short_structured_persisted,110.32,110.51,0.19
CLOutput0430.txt,18,3,ExitShort,short_dead_signal_exit deg=5,110.51,111.03,0.52
CLOutput0430.txt,19,3,EnterShort,enter_short_structured_persisted,110.71,111.04,0.33
CLOutput0430.txt,18,5,ExitShort,short_dead_signal_exit deg=5,110.51,111.15,0.64
CLOutput0430.txt,13,10,EnterShort,enter_short_structured_persisted,110.32,111.15,0.83
CLOutput0430.txt,19,5,EnterShort,enter_short_structured_persisted,110.71,109.95,-0.76
CLOutput0430.txt,25,3,ExitShort,short_dead_signal_exit deg=6,109.85,109.23,-0.62
CLOutput0430.txt,18,10,ExitShort,short_dead_signal_exit deg=5,110.51,109.23,-1.28
CLOutput0430.txt,19,10,EnterShort,enter_short_structured_persisted,110.71,109.28,-1.43
CLOutput0430.txt,25,5,ExitShort,short_dead_signal_exit deg=6,109.85,109.38,-0.47
CLOutput0430.txt,25,10,ExitShort,short_dead_signal_exit deg=6,109.85,109.04,-0.81
CLOutput0430.txt,57,3,EnterShort,enter_short_structured_persisted,108.18,108.48,0.3
CLOutput0430.txt,57,5,EnterShort,enter_short_structured_persisted,108.18,108.45,0.27
CLOutput0430.txt,62,3,ExitShort,short_dead_signal_exit deg=5,108.45,108.52,0.07
CLOutput0430.txt,62,5,ExitShort,short_dead_signal_exit deg=5,108.45,108.68,0.23
CLOutput0430.txt,57,10,EnterShort,enter_short_structured_persisted,108.18,108.68,0.5
CLOutput0430.txt,62,10,ExitShort,short_dead_signal_exit deg=5,108.45,107.77,-0.68
CLOutput0430.txt,118,3,EnterShort,enter_short_structured_persisted,106.28,106.38,0.1
CLOutput0430.txt,118,5,EnterShort,enter_short_structured_persisted,106.28,106.79,0.51
CLOutput0430.txt,124,3,ExitShort,short_dead_signal_exit deg=5,106.35,106.46,0.11
CLOutput0430.txt,125,3,EnterShort,enter_short_structured_persisted,106.58,106.54,-0.04
CLOutput0430.txt,118,10,EnterShort,enter_short_structured_persisted,106.28,106.54,0.26
CLOutput0430.txt,124,5,ExitShort,short_dead_signal_exit deg=5,106.35,106.38,0.03
CLOutput0430.txt,125,5,EnterShort,enter_short_structured_persisted,106.58,106.47,-0.11
CLOutput0430.txt,130,3,ExitShort,short_dead_signal_exit deg=5,106.47,106.37,-0.1
CLOutput0430.txt,124,10,ExitShort,short_dead_signal_exit deg=5,106.35,106.17,-0.18
CLOutput0430.txt,130,5,ExitShort,short_dead_signal_exit deg=5,106.47,106.23,-0.24
CLOutput0430.txt,125,10,EnterShort,enter_short_structured_persisted,106.58,106.23,-0.35
CLOutput0430.txt,130,10,ExitShort,short_dead_signal_exit deg=5,106.47,106.8,0.33
CLOutput0430.txt,150,3,EnterShort,enter_short_structured_persisted,107.12,106.95,-0.17
CLOutput0430.txt,150,5,EnterShort,enter_short_structured_persisted,107.12,106.78,-0.34
CLOutput0430.txt,150,10,EnterShort,enter_short_structured_persisted,107.12,107.23,0.11
CLOutput0430.txt,161,3,ExitShort,short_dead_signal_exit deg=5,106.99,107.17,0.18
CLOutput0430.txt,162,3,EnterShort,enter_short_structured_persisted,106.69,107.08,0.39
CLOutput0430.txt,161,5,ExitShort,short_dead_signal_exit deg=5,106.99,107.05,0.06
CLOutput0430.txt,162,5,EnterShort,enter_short_structured_persisted,106.69,106.96,0.27
CLOutput0430.txt,167,3,ExitShort,short_dead_signal_exit deg=5,106.96,107.75,0.79
CLOutput0430.txt,161,10,ExitShort,short_dead_signal_exit deg=5,106.99,107.4,0.41
CLOutput0430.txt,167,5,ExitShort,short_dead_signal_exit deg=5,106.96,107.58,0.62
CLOutput0430.txt,162,10,EnterShort,enter_short_structured_persisted,106.69,107.58,0.89
CLOutput0430.txt,167,10,ExitShort,short_dead_signal_exit deg=5,106.96,107.33,0.37
CLOutput0430.txt,218,3,EnterShort,enter_short_structured_persisted,108.21,108.74,0.53
CLOutput0430.txt,218,5,EnterShort,enter_short_structured_persisted,108.21,108.57,0.36
CLOutput0430.txt,223,3,ExitShort,short_dead_signal_exit deg=5,108.57,108.83,0.26
CLOutput0430.txt,224,3,EnterShort,enter_short_structured_persisted,108.25,109.09,0.84
CLOutput0430.txt,223,5,ExitShort,short_dead_signal_exit deg=5,108.57,109.58,1.01
CLOutput0430.txt,218,10,EnterShort,enter_short_structured_persisted,108.21,109.58,1.37
CLOutput0430.txt,224,5,EnterShort,enter_short_structured_persisted,108.25,109.8,1.55
CLOutput0430.txt,228,3,ReverseToLong,reverse_to_long_valid phase=LongValid score=0.69 deg=5,109.58,110.51,0.93
CLOutput0430.txt,228,5,ReverseToLong,reverse_to_long_valid phase=LongValid score=0.69 deg=5,109.58,109.76,0.18
CLOutput0430.txt,223,10,ExitShort,short_dead_signal_exit deg=5,108.57,109.76,1.19
CLOutput0430.txt,224,10,EnterShort,enter_short_structured_persisted,108.25,110.04,1.79
CLOutput0430.txt,235,3,ExitLong,long_ftt_failure_exit CNT id=13 dir=Up state=FttDetected P1=224@108.12 P2=232@110.84 P3=233@109.71 FTT=235@110.61 domLeg=224-232 pb=233-233 post=234-234 postP3Len=1 imbP2=0.63 imbP3=0.46,110.58,110.79,0.21
CLOutput0430.txt,228,10,ReverseToLong,reverse_to_long_valid phase=LongValid score=0.69 deg=5,109.58,110.79,1.21
CLOutput0430.txt,235,5,ExitLong,long_ftt_failure_exit CNT id=13 dir=Up state=FttDetected P1=224@108.12 P2=232@110.84 P3=233@109.71 FTT=235@110.61 domLeg=224-232 pb=233-233 post=234-234 postP3Len=1 imbP2=0.63 imbP3=0.46,110.58,110.66,0.08
CLOutput0430.txt,235,10,ExitLong,long_ftt_failure_exit CNT id=13 dir=Up state=FttDetected P1=224@108.12 P2=232@110.84 P3=233@109.71 FTT=235@110.61 domLeg=224-232 pb=233-233 post=234-234 postP3Len=1 imbP2=0.63 imbP3=0.46,110.58,109.09,-1.49
CLOutput0430.txt,270,3,EnterLong,enter_long_valid,109.79,109.56,-0.23
CLOutput0430.txt,270,5,EnterLong,enter_long_valid,109.79,109.45,-0.34
CLOutput0430.txt,270,10,EnterLong,enter_long_valid,109.79,109.96,0.17
CLOutput0430.txt,290,3,ExitLong,long_decay_exit phase=None score=0.00 deg=7 exitTh=4 graceLimit=6 containerSupport=True earlySC=False,110.23,110.37,0.14
CLOutput0430.txt,290,5,ExitLong,long_decay_exit phase=None score=0.00 deg=7 exitTh=4 graceLimit=6 containerSupport=True earlySC=False,110.23,110.46,0.23
CLOutput0430.txt,290,10,ExitLong,long_decay_exit phase=None score=0.00 deg=7 exitTh=4 graceLimit=6 containerSupport=True earlySC=False,110.23,110.33,0.1
CLOutput0430.txt,339,3,EnterLong,enter_long_valid,112.44,112.19,-0.25
CLOutput0430.txt,339,5,EnterLong,enter_long_valid,112.44,112.28,-0.16
CLOutput0430.txt,346,3,ExitLong,long_decay_exit phase=None score=0.00 deg=7 exitTh=4 graceLimit=6 containerSupport=True earlySC=False,112.35,113.06,0.71
CLOutput0430.txt,339,10,EnterLong,enter_long_valid,112.44,113.06,0.62
CLOutput0430.txt,348,3,EnterLong,enter_long_valid,112.84,113.25,0.41
CLOutput0430.txt,346,5,ExitLong,long_decay_exit phase=None score=0.00 deg=7 exitTh=4 graceLimit=6 containerSupport=True earlySC=False,112.35,113.25,0.9
CLOutput0430.txt,348,5,EnterLong,enter_long_valid,112.84,112.91,0.07
CLOutput0430.txt,346,10,ExitLong,long_decay_exit phase=None score=0.00 deg=7 exitTh=4 graceLimit=6 containerSupport=True earlySC=False,112.35,112.42,0.07
CLOutput0430.txt,348,10,EnterLong,enter_long_valid,112.84,112.02,-0.82
CLOutput0430.txt,357,3,ExitLong,long_decay_exit phase=ShortCandidate score=0.34 deg=7 exitTh=4 graceLimit=6 containerSupport=True earlySC=False,112.14,112.22,0.08
CLOutput0430.txt,357,5,ExitLong,long_decay_exit phase=ShortCandidate score=0.34 deg=7 exitTh=4 graceLimit=6 containerSupport=True earlySC=False,112.14,112.06,-0.08
CLOutput0430.txt,357,10,ExitLong,long_decay_exit phase=ShortCandidate score=0.34 deg=7 exitTh=4 graceLimit=6 containerSupport=True earlySC=False,112.14,112.38,0.24
CLOutput0430.txt,416,3,EnterShort,enter_short_structured_persisted,108.56,109.39,0.83
CLOutput0430.txt,416,5,EnterShort,enter_short_structured_persisted,108.56,109.05,0.49
CLOutput0430.txt,421,3,ExitShort,short_dead_signal_exit deg=5,109.05,109.74,0.69
CLOutput0430.txt,423,3,EnterShort,enter_short_structured_persisted,109.96,110.59,0.63
CLOutput0430.txt,421,5,ExitShort,short_dead_signal_exit deg=5,109.05,110.59,1.54
CLOutput0430.txt,416,10,EnterShort,enter_short_structured_persisted,108.56,110.59,2.03
CLOutput0430.txt,423,5,EnterShort,enter_short_structured_persisted,109.96,110.57,0.61
CLOutput0430.txt,421,10,ExitShort,short_dead_signal_exit deg=5,109.05,111.04,1.99
CLOutput0430.txt,423,10,EnterShort,enter_short_structured_persisted,109.96,111.23,1.27
CLOutput0430.txt,433,3,ExitShort,short_dead_signal_exit deg=10,111.23,111.51,0.28
CLOutput0430.txt,433,5,ExitShort,short_dead_signal_exit deg=10,111.23,111.56,0.33
CLOutput0430.txt,433,10,ExitShort,short_dead_signal_exit deg=10,111.23,112.66,1.43
CLOutput0430.txt,443,3,EnterLong,enter_long_valid,112.66,113.04,0.38
CLOutput0430.txt,443,5,EnterLong,enter_long_valid,112.66,112.0,-0.66
CLOutput0430.txt,443,10,EnterLong,enter_long_valid,112.66,112.56,-0.1
CLOutput0430.txt,453,3,ExitLong,long_decay_exit phase=None score=0.00 deg=7 exitTh=4 graceLimit=6 containerSupport=True earlySC=False,112.56,111.76,-0.8
CLOutput0430.txt,453,5,ExitLong,long_decay_exit phase=None score=0.00 deg=7 exitTh=4 graceLimit=6 containerSupport=True earlySC=False,112.56,112.09,-0.47
CLOutput0430.txt,453,10,ExitLong,long_decay_exit phase=None score=0.00 deg=7 exitTh=4 graceLimit=6 containerSupport=True earlySC=False,112.56,112.67,0.11
CLOutput0430.txt,675,3,EnterShort,enter_short_early_ftt,92.51,93.03,0.52
CLOutput0430.txt,675,5,EnterShort,enter_short_early_ftt,92.51,92.49,-0.02
CLOutput0430.txt,680,3,ExitShort,short_dead_signal_exit deg=5,92.49,91.76,-0.73
CLOutput0430.txt,680,5,ExitShort,short_dead_signal_exit deg=5,92.49,91.92,-0.57
CLOutput0430.txt,675,10,EnterShort,enter_short_early_ftt,92.51,91.92,-0.59
CLOutput0430.txt,680,10,ExitShort,short_dead_signal_exit deg=5,92.49,91.82,-0.67
CLOutput0430.txt,805,3,EnterLong,enter_long_valid,92.7,93.51,0.81
CLOutput0430.txt,805,5,EnterLong,enter_long_valid,92.7,93.02,0.32
CLOutput0430.txt,810,3,ExitLong,long_imbalance_failure_exit imbP3=-1.00 CNT id=39 dir=Up state=SeekingP3 P1=798@90.95 P2=809@93.75 P3=810@92.99 FTT=NA domLeg=798-809 pb=810-810 post=NA postP3Len=0 imbP2=-1.00 imbP3=-1.00,93.02,93.32,0.3
CLOutput0430.txt,810,5,ExitLong,long_imbalance_failure_exit imbP3=-1.00 CNT id=39 dir=Up state=SeekingP3 P1=798@90.95 P2=809@93.75 P3=810@92.99 FTT=NA domLeg=798-809 pb=810-810 post=NA postP3Len=0 imbP2=-1.00 imbP3=-1.00,93.02,92.93,-0.09
CLOutput0430.txt,805,10,EnterLong,enter_long_valid,92.7,92.93,0.23
CLOutput0430.txt,810,10,ExitLong,long_imbalance_failure_exit imbP3=-1.00 CNT id=39 dir=Up state=SeekingP3 P1=798@90.95 P2=809@93.75 P3=810@92.99 FTT=NA domLeg=798-809 pb=810-810 post=NA postP3Len=0 imbP2=-1.00 imbP3=-1.00,93.02,93.15,0.13
CLOutput0430.txt,902,3,EnterLong,enter_long_valid,94.27,94.28,0.01
CLOutput0430.txt,902,5,EnterLong,enter_long_valid,94.27,94.4,0.13
CLOutput0430.txt,909,3,ExitLong,long_decay_exit phase=LongCandidate score=0.40 deg=7 exitTh=4 graceLimit=6 containerSupport=False earlySC=False,94.42,94.83,0.41
CLOutput0430.txt,902,10,EnterLong,enter_long_valid,94.27,94.83,0.56
CLOutput0430.txt,909,5,ExitLong,long_decay_exit phase=LongCandidate score=0.40 deg=7 exitTh=4 graceLimit=6 containerSupport=False earlySC=False,94.42,94.62,0.2
CLOutput0430.txt,909,10,ExitLong,long_decay_exit phase=LongCandidate score=0.40 deg=7 exitTh=4 graceLimit=6 containerSupport=False earlySC=False,94.42,94.21,-0.21
CLOutput0430.txt,1063,3,EnterShort,enter_short_structured_persisted,92.49,93.22,0.73
CLOutput0430.txt,1063,5,EnterShort,enter_short_structured_persisted,92.49,94.15,1.66
CLOutput0430.txt,1069,3,ExitShort,short_dead_signal_exit deg=5,93.95,94.75,0.8
CLOutput0430.txt,1070,3,EnterShort,enter_short_structured_persisted,94.09,94.73,0.64
CLOutput0430.txt,1063,10,EnterShort,enter_short_structured_persisted,92.49,94.73,2.24
CLOutput0430.txt,1069,5,ExitShort,short_dead_signal_exit deg=5,93.95,95.11,1.16
CLOutput0430.txt,1070,5,EnterShort,enter_short_structured_persisted,94.09,95.1,1.01
CLOutput0430.txt,1075,3,ExitShort,short_dead_signal_exit deg=5,95.1,95.24,0.14
CLOutput0430.txt,1069,10,ExitShort,short_dead_signal_exit deg=5,93.95,95.25,1.3
CLOutput0430.txt,1075,5,ExitShort,short_dead_signal_exit deg=5,95.1,94.87,-0.23
CLOutput0430.txt,1070,10,EnterShort,enter_short_structured_persisted,94.09,94.87,0.78
CLOutput0430.txt,1075,10,ExitShort,short_dead_signal_exit deg=5,95.1,95.87,0.77
CLOutput0430.txt,1138,3,EnterLong,enter_long_valid,95.81,95.75,-0.06
CLOutput0430.txt,1138,5,EnterLong,enter_long_valid,95.81,95.67,-0.14
CLOutput0430.txt,1138,10,EnterLong,enter_long_valid,95.81,95.54,-0.27
CLOutput0430.txt,1147,3,ExitLong,long_ftt_failure_exit CNT id=55 dir=Up state=FttDetected P1=1134@95.15 P2=1140@96.08 P3=1143@95.44 FTT=1147@95.41 domLeg=1134-1140 pb=1141-1144 post=1146-1146 postP3Len=1 imbP2=0.84 imbP3=0.32,95.3,95.4,0.1
CLOutput0430.txt,1147,5,ExitLong,long_ftt_failure_exit CNT id=55 dir=Up state=FttDetected P1=1134@95.15 P2=1140@96.08 P3=1143@95.44 FTT=1147@95.41 domLeg=1134-1140 pb=1141-1144 post=1146-1146 postP3Len=1 imbP2=0.84 imbP3=0.32,95.3,95.61,0.31
CLOutput0430.txt,1147,10,ExitLong,long_ftt_failure_exit CNT id=55 dir=Up state=FttDetected P1=1134@95.15 P2=1140@96.08 P3=1143@95.44 FTT=1147@95.41 domLeg=1134-1140 pb=1141-1144 post=1146-1146 postP3Len=1 imbP2=0.84 imbP3=0.32,95.3,95.67,0.37
CLOutput0430.txt,1235,3,EnterLong,enter_long_valid,97.11,96.87,-0.24
CLOutput0430.txt,1235,5,EnterLong,enter_long_valid,97.11,95.71,-1.4
CLOutput0430.txt,1235,10,EnterLong,enter_long_valid,97.11,95.81,-1.3
CLOutput0430.txt,1243,3,ExitLong,long_decay_exit phase=ShortCandidate score=0.20 deg=7 exitTh=4 graceLimit=6 containerSupport=True earlySC=False,96.05,95.41,-0.64
CLOutput0430.txt,1243,5,ExitLong,long_decay_exit phase=ShortCandidate score=0.20 deg=7 exitTh=4 graceLimit=6 containerSupport=True earlySC=False,96.05,95.54,-0.51
CLOutput0430.txt,1243,10,ExitLong,long_decay_exit phase=ShortCandidate score=0.20 deg=7 exitTh=4 graceLimit=6 containerSupport=True earlySC=False,96.05,95.34,-0.71
CLOutput0430.txt,1260,3,EnterShort,enter_short_structured_persisted,94.92,94.91,-0.01
CLOutput0430.txt,1260,5,EnterShort,enter_short_structured_persisted,94.92,94.77,-0.15
CLOutput0430.txt,1260,10,EnterShort,enter_short_structured_persisted,94.92,94.76,-0.16
CLOutput0430.txt,1269,3,ExitShort,short_ftt_failure_exit CNT id=60 dir=Down state=FttDetected P1=1254@95.50 P2=1258@94.41 P3=1259@94.92 FTT=1269@94.73 domLeg=1254-1258 pb=1259-1259 post=1264-1264 postP3Len=1 imbP2=0.00 imbP3=-1.00,95.01,94.91,-0.1
CLOutput0430.txt,1269,5,ExitShort,short_ftt_failure_exit CNT id=60 dir=Down state=FttDetected P1=1254@95.50 P2=1258@94.41 P3=1259@94.92 FTT=1269@94.73 domLeg=1254-1258 pb=1259-1259 post=1264-1264 postP3Len=1 imbP2=0.00 imbP3=-1.00,95.01,94.52,-0.49
CLOutput0430.txt,1272,3,EnterLong,enter_long_valid,94.91,94.0,-0.91
CLOutput0430.txt,1272,5,EnterLong,enter_long_valid,94.91,94.43,-0.48
CLOutput0430.txt,1269,10,ExitShort,short_ftt_failure_exit CNT id=60 dir=Down state=FttDetected P1=1254@95.50 P2=1258@94.41 P3=1259@94.92 FTT=1269@94.73 domLeg=1254-1258 pb=1259-1259 post=1264-1264 postP3Len=1 imbP2=0.00 imbP3=-1.00,95.01,94.25,-0.76
CLOutput0430.txt,1272,10,EnterLong,enter_long_valid,94.91,94.67,-0.24
CLOutput0430.txt,1280,3,ExitLong,long_ftt_failure_exit CNT id=62 dir=Up state=FttDetected P1=1275@93.84 P2=1276@94.47 P3=1277@94.17 FTT=1280@94.47 domLeg=1275-1276 pb=1277-1278 post=1279-1279 postP3Len=1 imbP2=0.00 imbP3=0.36,94.32,95.02,0.7
CLOutput0430.txt,1280,5,ExitLong,long_ftt_failure_exit CNT id=62 dir=Up state=FttDetected P1=1275@93.84 P2=1276@94.47 P3=1277@94.17 FTT=1280@94.47 domLeg=1275-1276 pb=1277-1278 post=1279-1279 postP3Len=1 imbP2=0.00 imbP3=0.36,94.32,94.52,0.2
CLOutput0430.txt,1280,10,ExitLong,long_ftt_failure_exit CNT id=62 dir=Up state=FttDetected P1=1275@93.84 P2=1276@94.47 P3=1277@94.17 FTT=1280@94.47 domLeg=1275-1276 pb=1277-1278 post=1279-1279 postP3Len=1 imbP2=0.00 imbP3=0.36,94.32,95.21,0.89
CLOutput0430.txt,1334,3,EnterShort,enter_short_structured_persisted,94.93,95.19,0.26
CLOutput0430.txt,1334,5,EnterShort,enter_short_structured_persisted,94.93,95.1,0.17
CLOutput0430.txt,1340,3,ExitShort,short_dead_signal_exit deg=5,95.42,94.82,-0.6
CLOutput0430.txt,1341,3,EnterShort,enter_short_structured_persisted,95.25,95.11,-0.14
CLOutput0430.txt,1334,10,EnterShort,enter_short_structured_persisted,94.93,95.11,0.18
CLOutput0430.txt,1340,5,ExitShort,short_dead_signal_exit deg=5,95.42,94.84,-0.58
CLOutput0430.txt,1341,5,EnterShort,enter_short_structured_persisted,95.25,94.48,-0.77
CLOutput0430.txt,1340,10,ExitShort,short_dead_signal_exit deg=5,95.42,93.04,-2.38
CLOutput0430.txt,1341,10,EnterShort,enter_short_structured_persisted,95.25,92.94,-2.31
CLOutput0430.txt,1351,3,ExitShort,short_dead_signal_exit deg=5,92.94,92.99,0.05
CLOutput0430.txt,1351,5,ExitShort,short_dead_signal_exit deg=5,92.94,92.98,0.04
CLOutput0430.txt,1351,10,ExitShort,short_dead_signal_exit deg=5,92.94,92.71,-0.23
CLOutput0430.txt,1380,3,EnterLong,enter_long_valid,101.52,101.0,-0.52
CLOutput0430.txt,1380,5,EnterLong,enter_long_valid,101.52,101.54,0.02
CLOutput0430.txt,1385,3,ExitLong,long_ftt_failure_exit CNT id=65 dir=Up state=FttDetected P1=1378@92.35 P2=1381@102.37 P3=1383@100.64 FTT=1385@101.67 domLeg=1378-1381 pb=1382-1383 post=1384-1384 postP3Len=1 imbP2=0.95 imbP3=0.86,101.54,101.21,-0.33
CLOutput0430.txt,1385,5,ExitLong,long_ftt_failure_exit CNT id=65 dir=Up state=FttDetected P1=1378@92.35 P2=1381@102.37 P3=1383@100.64 FTT=1385@101.67 domLeg=1378-1381 pb=1382-1383 post=1384-1384 postP3Len=1 imbP2=0.95 imbP3=0.86,101.54,101.48,-0.06
CLOutput0430.txt,1380,10,EnterLong,enter_long_valid,101.52,101.48,-0.04
CLOutput0430.txt,1385,10,ExitLong,long_ftt_failure_exit CNT id=65 dir=Up state=FttDetected P1=1378@92.35 P2=1381@102.37 P3=1383@100.64 FTT=1385@101.67 domLeg=1378-1381 pb=1382-1383 post=1384-1384 postP3Len=1 imbP2=0.95 imbP3=0.86,101.54,101.92,0.38
CLOutput0430.txt,1692,3,EnterLong,enter_long_valid,93.67,93.81,0.14
CLOutput0430.txt,1692,5,EnterLong,enter_long_valid,93.67,93.8,0.13
CLOutput0430.txt,1696,3,ExitLong,long_decay_exit phase=LongCandidate score=0.83 deg=4 exitTh=4 graceLimit=6 containerSupport=False earlySC=False,93.91,93.94,0.03
CLOutput0430.txt,1696,5,ExitLong,long_decay_exit phase=LongCandidate score=0.83 deg=4 exitTh=4 graceLimit=6 containerSupport=False earlySC=False,93.91,93.9,-0.01
CLOutput0430.txt,1692,10,EnterLong,enter_long_valid,93.67,94.04,0.37
CLOutput0430.txt,1696,10,ExitLong,long_decay_exit phase=LongCandidate score=0.83 deg=4 exitTh=4 graceLimit=6 containerSupport=False earlySC=False,93.91,93.74,-0.17
CLOutput0430.txt,1746,3,EnterLong,enter_long_valid,94.16,94.14,-0.02
CLOutput0430.txt,1746,5,EnterLong,enter_long_valid,94.16,94.19,0.03
CLOutput0430.txt,1746,10,EnterLong,enter_long_valid,94.16,94.2,0.04
CLOutput0430.txt,1756,3,ExitLong,long_ftt_failure_exit CNT id=84 dir=Up state=FttDetected P1=1743@93.59 P2=1749@94.31 P3=1753@94.04 FTT=1756@94.27 domLeg=1743-1749 pb=1750-1753 post=1755-1755 postP3Len=1 imbP2=0.74 imbP3=0.54,94.2,94.4,0.2
CLOutput0430.txt,1756,5,ExitLong,long_ftt_failure_exit CNT id=84 dir=Up state=FttDetected P1=1743@93.59 P2=1749@94.31 P3=1753@94.04 FTT=1756@94.27 domLeg=1743-1749 pb=1750-1753 post=1755-1755 postP3Len=1 imbP2=0.74 imbP3=0.54,94.2,94.5,0.3
CLOutput0430.txt,1756,10,ExitLong,long_ftt_failure_exit CNT id=84 dir=Up state=FttDetected P1=1743@93.59 P2=1749@94.31 P3=1753@94.04 FTT=1756@94.27 domLeg=1743-1749 pb=1750-1753 post=1755-1755 postP3Len=1 imbP2=0.74 imbP3=0.54,94.2,92.31,-1.89
CLOutput0430.txt,1807,3,EnterLong,enter_long_valid,94.18,94.03,-0.15
CLOutput0430.txt,1807,5,EnterLong,enter_long_valid,94.18,94.18,0.0
CLOutput0430.txt,1807,10,EnterLong,enter_long_valid,94.18,94.46,0.28
ESOutput0430.txt,24,3,EnterLong,enter_long_valid,6601.25,6600.0,-1.25
ESOutput0430.txt,24,5,EnterLong,enter_long_valid,6601.25,6601.5,0.25
ESOutput0430.txt,24,10,EnterLong,enter_long_valid,6601.25,6607.25,6.0
ESOutput0430.txt,44,3,ExitLong,long_decay_exit phase=None score=0.00 deg=9 exitTh=4 graceLimit=6 containerSupport=True earlySC=False,6615.25,6609.75,-5.5
ESOutput0430.txt,44,5,ExitLong,long_decay_exit phase=None score=0.00 deg=9 exitTh=4 graceLimit=6 containerSupport=True earlySC=False,6615.25,6618.75,3.5
ESOutput0430.txt,44,10,ExitLong,long_decay_exit phase=None score=0.00 deg=9 exitTh=4 graceLimit=6 containerSupport=True earlySC=False,6615.25,6631.75,16.5
ESOutput0430.txt,91,3,EnterShort,enter_short_structured_persisted,6618.0,6617.25,-0.75
ESOutput0430.txt,91,5,EnterShort,enter_short_structured_persisted,6618.0,6616.0,-2.0
ESOutput0430.txt,94,3,ExitShort,short_ftt_failure_exit CNT id=2 dir=Down state=FttDetected P1=52@6635.75 P2=63@6595.25 P3=85@6624.00 FTT=94@6614.00 domLeg=52-63 pb=64-91 post=92-93 postP3Len=2 imbP2=0.34 imbP3=-1.00,6617.25,6620.5,3.25
ESOutput0430.txt,94,5,ExitShort,short_ftt_failure_exit CNT id=2 dir=Down state=FttDetected P1=52@6635.75 P2=63@6595.25 P3=85@6624.00 FTT=94@6614.00 domLeg=52-63 pb=64-91 post=92-93 postP3Len=2 imbP2=0.34 imbP3=-1.00,6617.25,6622.0,4.75
ESOutput0430.txt,91,10,EnterShort,enter_short_structured_persisted,6618.0,6616.75,-1.25
ESOutput0430.txt,94,10,ExitShort,short_ftt_failure_exit CNT id=2 dir=Down state=FttDetected P1=52@6635.75 P2=63@6595.25 P3=85@6624.00 FTT=94@6614.00 domLeg=52-63 pb=64-91 post=92-93 postP3Len=2 imbP2=0.34 imbP3=-1.00,6617.25,6618.5,1.25
ESOutput0430.txt,154,3,EnterShort,enter_short_structured_persisted,6630.5,6628.75,-1.75
ESOutput0430.txt,154,5,EnterShort,enter_short_structured_persisted,6630.5,6630.0,-0.5
ESOutput0430.txt,160,3,ExitShort,short_dead_signal_exit deg=5,6626.75,6628.5,1.75
ESOutput0430.txt,161,3,EnterShort,enter_short_structured_persisted,6627.25,6625.75,-1.5
ESOutput0430.txt,154,10,EnterShort,enter_short_structured_persisted,6630.5,6625.75,-4.75
ESOutput0430.txt,160,5,ExitShort,short_dead_signal_exit deg=5,6626.75,6627.25,0.5
ESOutput0430.txt,161,5,EnterShort,enter_short_structured_persisted,6627.25,6628.25,1.0
ESOutput0430.txt,166,3,ExitShort,short_dead_signal_exit deg=5,6628.25,6626.75,-1.5
ESOutput0430.txt,160,10,ExitShort,short_dead_signal_exit deg=5,6626.75,6626.25,-0.5
ESOutput0430.txt,166,5,ExitShort,short_dead_signal_exit deg=5,6628.25,6625.75,-2.5
ESOutput0430.txt,161,10,EnterShort,enter_short_structured_persisted,6627.25,6625.75,-1.5
ESOutput0430.txt,166,10,ExitShort,short_dead_signal_exit deg=5,6628.25,6629.75,1.5
ESOutput0430.txt,264,3,EnterLong,enter_long_valid,6650.75,6649.25,-1.5
ESOutput0430.txt,264,5,EnterLong,enter_long_valid,6650.75,6650.75,0.0
ESOutput0430.txt,264,10,EnterLong,enter_long_valid,6650.75,6649.0,-1.75
ESOutput0430.txt,279,3,ExitLong,long_decay_exit phase=None score=0.00 deg=9 exitTh=4 graceLimit=6 containerSupport=True earlySC=False,6656.0,6643.0,-13.0
ESOutput0430.txt,279,5,ExitLong,long_decay_exit phase=None score=0.00 deg=9 exitTh=4 graceLimit=6 containerSupport=True earlySC=False,6656.0,6646.5,-9.5
ESOutput0430.txt,279,10,ExitLong,long_decay_exit phase=None score=0.00 deg=9 exitTh=4 graceLimit=6 containerSupport=True earlySC=False,6656.0,6646.5,-9.5
ESOutput0430.txt,303,3,EnterLong,enter_long_valid,6651.75,6644.5,-7.25
ESOutput0430.txt,303,5,EnterLong,enter_long_valid,6651.75,6641.0,-10.75
ESOutput0430.txt,303,10,EnterLong,enter_long_valid,6651.75,6636.0,-15.75
ESOutput0430.txt,314,3,ExitLong,long_decay_exit phase=None score=0.00 deg=5 exitTh=4 graceLimit=6 containerSupport=False earlySC=False,6631.75,6636.0,4.25
ESOutput0430.txt,314,5,ExitLong,long_decay_exit phase=None score=0.00 deg=5 exitTh=4 graceLimit=6 containerSupport=False earlySC=False,6631.75,6626.75,-5.0
ESOutput0430.txt,314,10,ExitLong,long_decay_exit phase=None score=0.00 deg=5 exitTh=4 graceLimit=6 containerSupport=False earlySC=False,6631.75,6613.25,-18.5
ESOutput0430.txt,357,3,EnterLong,enter_long_valid,6628.0,6626.0,-2.0
ESOutput0430.txt,357,5,EnterLong,enter_long_valid,6628.0,6627.0,-1.0
ESOutput0430.txt,357,10,EnterLong,enter_long_valid,6628.0,6620.25,-7.75
ESOutput0430.txt,366,3,ExitLong,long_decay_exit phase=None score=0.00 deg=9 exitTh=4 graceLimit=6 containerSupport=False earlySC=False,6619.5,6619.0,-0.5
ESOutput0430.txt,366,5,ExitLong,long_decay_exit phase=None score=0.00 deg=9 exitTh=4 graceLimit=6 containerSupport=False earlySC=False,6619.5,6623.0,3.5
ESOutput0430.txt,366,10,ExitLong,long_decay_exit phase=None score=0.00 deg=9 exitTh=4 graceLimit=6 containerSupport=False earlySC=False,6619.5,6623.75,4.25
ESOutput0430.txt,434,3,EnterShort,enter_short_structured_persisted,6624.25,6623.5,-0.75
ESOutput0430.txt,434,5,EnterShort,enter_short_structured_persisted,6624.25,6619.25,-5.0
ESOutput0430.txt,439,3,ExitShort,short_dead_signal_exit deg=5,6619.25,6619.5,0.25
ESOutput0430.txt,439,5,ExitShort,short_dead_signal_exit deg=5,6619.25,6617.0,-2.25
ESOutput0430.txt,434,10,EnterShort,enter_short_structured_persisted,6624.25,6617.0,-7.25
ESOutput0430.txt,439,10,ExitShort,short_dead_signal_exit deg=5,6619.25,6628.25,9.0
ESOutput0430.txt,524,3,EnterShort,enter_short_structured_persisted,6617.25,6602.25,-15.0
ESOutput0430.txt,524,5,EnterShort,enter_short_structured_persisted,6617.25,6600.75,-16.5
ESOutput0430.txt,529,3,ExitShort,short_dead_signal_exit deg=5,6600.75,6629.75,29.0
ESOutput0430.txt,529,5,ExitShort,short_dead_signal_exit deg=5,6600.75,6627.75,27.0
ESOutput0430.txt,524,10,EnterShort,enter_short_structured_persisted,6617.25,6627.75,10.5
ESOutput0430.txt,529,10,ExitShort,short_dead_signal_exit deg=5,6600.75,6656.0,55.25
ESOutput0430.txt,559,3,EnterLong,enter_long_valid,6767.0,6772.0,5.0
ESOutput0430.txt,559,5,EnterLong,enter_long_valid,6767.0,6793.0,26.0
ESOutput0430.txt,559,10,EnterLong,enter_long_valid,6767.0,6808.75,41.75
ESOutput0430.txt,569,3,ExitLong,long_decay_exit phase=LongCandidate score=0.69 deg=6 exitTh=4 graceLimit=6 containerSupport=False earlySC=False,6808.75,6800.0,-8.75
ESOutput0430.txt,569,5,ExitLong,long_decay_exit phase=LongCandidate score=0.69 deg=6 exitTh=4 graceLimit=6 containerSupport=False earlySC=False,6808.75,6804.75,-4.0
ESOutput0430.txt,569,10,ExitLong,long_decay_exit phase=LongCandidate score=0.69 deg=6 exitTh=4 graceLimit=6 containerSupport=False earlySC=False,6808.75,6796.75,-12.0
ESOutput0430.txt,639,3,EnterShort,enter_short_structured_persisted,6823.0,6829.25,6.25
ESOutput0430.txt,639,5,EnterShort,enter_short_structured_persisted,6823.0,6829.25,6.25
ESOutput0430.txt,644,3,ExitShort,short_dead_signal_exit deg=5,6829.25,6836.0,6.75
ESOutput0430.txt,645,3,EnterShort,enter_short_structured_persisted,6828.75,6833.5,4.75
ESOutput0430.txt,644,5,ExitShort,short_dead_signal_exit deg=5,6829.25,6832.75,3.5
ESOutput0430.txt,639,10,EnterShort,enter_short_structured_persisted,6823.0,6832.75,9.75
ESOutput0430.txt,645,5,EnterShort,enter_short_structured_persisted,6828.75,6836.25,7.5
ESOutput0430.txt,650,3,ExitShort,short_dead_signal_exit deg=5,6836.25,6831.0,-5.25
ESOutput0430.txt,644,10,ExitShort,short_dead_signal_exit deg=5,6829.25,6832.25,3.0
ESOutput0430.txt,650,5,ExitShort,short_dead_signal_exit deg=5,6836.25,6832.75,-3.5
ESOutput0430.txt,645,10,EnterShort,enter_short_structured_persisted,6828.75,6832.75,4.0
ESOutput0430.txt,650,10,ExitShort,short_dead_signal_exit deg=5,6836.25,6822.75,-13.5
ESOutput0430.txt,672,3,EnterShort,enter_short_structured_persisted,6819.0,6825.75,6.75
ESOutput0430.txt,673,3,ExitShort,short_immediate_p3_failure imbP3=0.51 CNT id=28 dir=Down state=SeekingP3 P1=657@6835.00 P2=660@6821.50 P3=661@6827.00 FTT=NA domLeg=657-660 pb=661-672 post=NA postP3Len=0 imbP2=0.56 imbP3=0.51,6820.5,6823.25,2.75
ESOutput0430.txt,674,3,EnterShort,enter_short_structured_persisted,6821.5,6824.75,3.25
ESOutput0430.txt,672,5,EnterShort,enter_short_structured_persisted,6819.0,6824.75,5.75
ESOutput0430.txt,675,3,ExitShort,short_immediate_p3_failure imbP3=0.51 CNT id=28 dir=Down state=SeekingP3 P1=657@6835.00 P2=660@6821.50 P3=661@6827.00 FTT=NA domLeg=657-660 pb=661-672 post=NA postP3Len=0 imbP2=0.56 imbP3=0.51,6825.75,6826.75,1.0
ESOutput0430.txt,673,5,ExitShort,short_immediate_p3_failure imbP3=0.51 CNT id=28 dir=Down state=SeekingP3 P1=657@6835.00 P2=660@6821.50 P3=661@6827.00 FTT=NA domLeg=657-660 pb=661-672 post=NA postP3Len=0 imbP2=0.56 imbP3=0.51,6820.5,6826.75,6.25
ESOutput0430.txt,676,3,EnterShort,enter_short_structured_persisted,6823.25,6825.0,1.75
ESOutput0430.txt,674,5,EnterShort,enter_short_structured_persisted,6821.5,6825.0,3.5
ESOutput0430.txt,677,3,ExitShort,short_immediate_p3_failure imbP3=0.51 CNT id=28 dir=Down state=SeekingP3 P1=657@6835.00 P2=660@6821.50 P3=661@6827.00 FTT=NA domLeg=657-660 pb=661-672 post=NA postP3Len=0 imbP2=0.56 imbP3=0.51,6824.75,6820.0,-4.75
ESOutput0430.txt,675,5,ExitShort,short_immediate_p3_failure imbP3=0.51 CNT id=28 dir=Down state=SeekingP3 P1=657@6835.00 P2=660@6821.50 P3=661@6827.00 FTT=NA domLeg=657-660 pb=661-672 post=NA postP3Len=0 imbP2=0.56 imbP3=0.51,6825.75,6820.0,-5.75
ESOutput0430.txt,678,3,EnterShort,enter_short_structured_persisted,6826.75,6828.0,1.25
ESOutput0430.txt,676,5,EnterShort,enter_short_structured_persisted,6823.25,6828.0,4.75
ESOutput0430.txt,679,3,ExitShort,short_immediate_p3_failure imbP3=0.51 CNT id=28 dir=Down state=SeekingP3 P1=657@6835.00 P2=660@6821.50 P3=661@6827.00 FTT=NA domLeg=657-660 pb=661-672 post=NA postP3Len=0 imbP2=0.56 imbP3=0.51,6825.0,6827.0,2.0
ESOutput0430.txt,677,5,ExitShort,short_immediate_p3_failure imbP3=0.51 CNT id=28 dir=Down state=SeekingP3 P1=657@6835.00 P2=660@6821.50 P3=661@6827.00 FTT=NA domLeg=657-660 pb=661-672 post=NA postP3Len=0 imbP2=0.56 imbP3=0.51,6824.75,6827.0,2.25
ESOutput0430.txt,672,10,EnterShort,enter_short_structured_persisted,6819.0,6827.0,8.0
ESOutput0430.txt,680,3,EnterShort,enter_short_structured_persisted,6820.0,6834.0,14.0
ESOutput0430.txt,678,5,EnterShort,enter_short_structured_persisted,6826.75,6834.0,7.25
ESOutput0430.txt,673,10,ExitShort,short_immediate_p3_failure imbP3=0.51 CNT id=28 dir=Down state=SeekingP3 P1=657@6835.00 P2=660@6821.50 P3=661@6827.00 FTT=NA domLeg=657-660 pb=661-672 post=NA postP3Len=0 imbP2=0.56 imbP3=0.51,6820.5,6834.0,13.5
ESOutput0430.txt,681,3,ExitShort,short_immediate_p3_failure imbP3=0.51 CNT id=28 dir=Down state=SeekingP3 P1=657@6835.00 P2=660@6821.50 P3=661@6827.00 FTT=NA domLeg=657-660 pb=661-672 post=NA postP3Len=0 imbP2=0.56 imbP3=0.51,6828.0,6832.5,4.5
ESOutput0430.txt,679,5,ExitShort,short_immediate_p3_failure imbP3=0.51 CNT id=28 dir=Down state=SeekingP3 P1=657@6835.00 P2=660@6821.50 P3=661@6827.00 FTT=NA domLeg=657-660 pb=661-672 post=NA postP3Len=0 imbP2=0.56 imbP3=0.51,6825.0,6832.5,7.5
ESOutput0430.txt,674,10,EnterShort,enter_short_structured_persisted,6821.5,6832.5,11.0
ESOutput0430.txt,680,5,EnterShort,enter_short_structured_persisted,6820.0,6834.5,14.5
ESOutput0430.txt,675,10,ExitShort,short_immediate_p3_failure imbP3=0.51 CNT id=28 dir=Down state=SeekingP3 P1=657@6835.00 P2=660@6821.50 P3=661@6827.00 FTT=NA domLeg=657-660 pb=661-672 post=NA postP3Len=0 imbP2=0.56 imbP3=0.51,6825.75,6834.5,8.75
ESOutput0430.txt,681,5,ExitShort,short_immediate_p3_failure imbP3=0.51 CNT id=28 dir=Down state=SeekingP3 P1=657@6835.00 P2=660@6821.50 P3=661@6827.00 FTT=NA domLeg=657-660 pb=661-672 post=NA postP3Len=0 imbP2=0.56 imbP3=0.51,6828.0,6839.25,11.25
ESOutput0430.txt,676,10,EnterShort,enter_short_structured_persisted,6823.25,6839.25,16.0
ESOutput0430.txt,677,10,ExitShort,short_immediate_p3_failure imbP3=0.51 CNT id=28 dir=Down state=SeekingP3 P1=657@6835.00 P2=660@6821.50 P3=661@6827.00 FTT=NA domLeg=657-660 pb=661-672 post=NA postP3Len=0 imbP2=0.56 imbP3=0.51,6824.75,6839.25,14.5
ESOutput0430.txt,678,10,EnterShort,enter_short_structured_persisted,6826.75,6839.0,12.25
ESOutput0430.txt,679,10,ExitShort,short_immediate_p3_failure imbP3=0.51 CNT id=28 dir=Down state=SeekingP3 P1=657@6835.00 P2=660@6821.50 P3=661@6827.00 FTT=NA domLeg=657-660 pb=661-672 post=NA postP3Len=0 imbP2=0.56 imbP3=0.51,6825.0,6835.5,10.5
ESOutput0430.txt,687,3,EnterLong,enter_long_valid,6839.25,6831.25,-8.0
ESOutput0430.txt,680,10,EnterShort,enter_short_structured_persisted,6820.0,6831.25,11.25
ESOutput0430.txt,681,10,ExitShort,short_immediate_p3_failure imbP3=0.51 CNT id=28 dir=Down state=SeekingP3 P1=657@6835.00 P2=660@6821.50 P3=661@6827.00 FTT=NA domLeg=657-660 pb=661-672 post=NA postP3Len=0 imbP2=0.56 imbP3=0.51,6828.0,6835.5,7.5
ESOutput0430.txt,687,5,EnterLong,enter_long_valid,6839.25,6829.25,-10.0
ESOutput0430.txt,687,10,EnterLong,enter_long_valid,6839.25,6833.75,-5.5
ESOutput0430.txt,697,3,ExitLong,long_decay_exit phase=None score=0.00 deg=9 exitTh=4 graceLimit=6 containerSupport=True earlySC=False,6833.75,6831.25,-2.5
ESOutput0430.txt,697,5,ExitLong,long_decay_exit phase=None score=0.00 deg=9 exitTh=4 graceLimit=6 containerSupport=True earlySC=False,6833.75,6834.25,0.5
ESOutput0430.txt,697,10,ExitLong,long_decay_exit phase=None score=0.00 deg=9 exitTh=4 graceLimit=6 containerSupport=True earlySC=False,6833.75,6833.75,0.0
ESOutput0430.txt,712,3,EnterLong,enter_long_valid,6841.25,6842.25,1.0
ESOutput0430.txt,712,5,EnterLong,enter_long_valid,6841.25,6844.0,2.75
ESOutput0430.txt,718,3,ExitLong,long_ftt_failure_exit CNT id=30 dir=Up state=FttDetected P1=709@6828.50 P2=714@6847.25 P3=715@6840.00 FTT=718@6846.25 domLeg=709-714 pb=715-716 post=717-717 postP3Len=1 imbP2=1.00 imbP3=0.79,6843.0,6840.0,-3.0
ESOutput0430.txt,712,10,EnterLong,enter_long_valid,6841.25,6842.25,1.0
ESOutput0430.txt,718,5,ExitLong,long_ftt_failure_exit CNT id=30 dir=Up state=FttDetected P1=709@6828.50 P2=714@6847.25 P3=715@6840.00 FTT=718@6846.25 domLeg=709-714 pb=715-716 post=717-717 postP3Len=1 imbP2=1.00 imbP3=0.79,6843.0,6833.0,-10.0
ESOutput0430.txt,718,10,ExitLong,long_ftt_failure_exit CNT id=30 dir=Up state=FttDetected P1=709@6828.50 P2=714@6847.25 P3=715@6840.00 FTT=718@6846.25 domLeg=709-714 pb=715-716 post=717-717 postP3Len=1 imbP2=1.00 imbP3=0.79,6843.0,6829.0,-14.0
ESOutput0430.txt,747,3,EnterShort,enter_short_structured_persisted,6811.5,6802.75,-8.75
ESOutput0430.txt,747,5,EnterShort,enter_short_structured_persisted,6811.5,6799.25,-12.25
ESOutput0430.txt,752,3,ExitShort,short_dead_signal_exit deg=5,6799.25,6794.0,-5.25
ESOutput0430.txt,752,5,ExitShort,short_dead_signal_exit deg=5,6799.25,6792.5,-6.75
ESOutput0430.txt,747,10,EnterShort,enter_short_structured_persisted,6811.5,6792.5,-19.0
ESOutput0430.txt,752,10,ExitShort,short_dead_signal_exit deg=5,6799.25,6803.25,4.0
ESOutput0430.txt,785,3,EnterShort,enter_short_structured_persisted,6815.75,6821.25,5.5
ESOutput0430.txt,785,5,EnterShort,enter_short_structured_persisted,6815.75,6821.25,5.5
ESOutput0430.txt,792,3,ExitShort,short_dead_signal_exit deg=5,6827.25,6813.0,-14.25
ESOutput0430.txt,785,10,EnterShort,enter_short_structured_persisted,6815.75,6813.0,-2.75
ESOutput0430.txt,792,5,ExitShort,short_dead_signal_exit deg=5,6827.25,6813.75,-13.5
ESOutput0430.txt,792,10,ExitShort,short_dead_signal_exit deg=5,6827.25,6803.75,-23.5
ESOutput0430.txt,816,3,EnterLong,enter_long_valid,6824.0,6820.25,-3.75
ESOutput0430.txt,816,5,EnterLong,enter_long_valid,6824.0,6819.75,-4.25
ESOutput0430.txt,816,10,EnterLong,enter_long_valid,6824.0,6815.25,-8.75
ESOutput0430.txt,827,3,ExitLong,long_decay_exit phase=None score=0.00 deg=9 exitTh=4 graceLimit=6 containerSupport=True earlySC=False,6816.25,6817.25,1.0
ESOutput0430.txt,827,5,ExitLong,long_decay_exit phase=None score=0.00 deg=9 exitTh=4 graceLimit=6 containerSupport=True earlySC=False,6816.25,6814.0,-2.25
ESOutput0430.txt,827,10,ExitLong,long_decay_exit phase=None score=0.00 deg=9 exitTh=4 graceLimit=6 containerSupport=True earlySC=False,6816.25,6815.0,-1.25
ESOutput0430.txt,891,3,EnterShort,enter_short_structured_persisted,6807.75,6809.75,2.0
ESOutput0430.txt,891,5,EnterShort,enter_short_structured_persisted,6807.75,6809.0,1.25
ESOutput0430.txt,898,3,ExitShort,short_dead_signal_exit deg=5,6809.5,6809.75,0.25
ESOutput0430.txt,891,10,EnterShort,enter_short_structured_persisted,6807.75,6809.75,2.0
ESOutput0430.txt,899,3,EnterShort,enter_short_structured_persisted,6810.5,6810.5,0.0
ESOutput0430.txt,898,5,ExitShort,short_dead_signal_exit deg=5,6809.5,6809.0,-0.5
ESOutput0430.txt,899,5,EnterShort,enter_short_structured_persisted,6810.5,6808.5,-2.0
ESOutput0430.txt,904,3,ExitShort,short_dead_signal_exit deg=5,6808.5,6808.5,0.0
ESOutput0430.txt,898,10,ExitShort,short_dead_signal_exit deg=5,6809.5,6809.5,0.0
ESOutput0430.txt,904,5,ExitShort,short_dead_signal_exit deg=5,6808.5,6809.75,1.25
ESOutput0430.txt,899,10,EnterShort,enter_short_structured_persisted,6810.5,6809.75,-0.75
ESOutput0430.txt,907,3,EnterShort,enter_short_structured_persisted,6808.5,6810.75,2.25
ESOutput0430.txt,907,5,EnterShort,enter_short_structured_persisted,6808.5,6808.75,0.25
ESOutput0430.txt,904,10,ExitShort,short_dead_signal_exit deg=5,6808.5,6808.75,0.25
ESOutput0430.txt,912,3,ExitShort,short_dead_signal_exit deg=5,6808.75,6812.5,3.75
ESOutput0430.txt,912,5,ExitShort,short_dead_signal_exit deg=5,6808.75,6813.0,4.25
ESOutput0430.txt,907,10,EnterShort,enter_short_structured_persisted,6808.5,6813.0,4.5
ESOutput0430.txt,912,10,ExitShort,short_dead_signal_exit deg=5,6808.75,6810.5,1.75
ESOutput0430.txt,984,3,EnterShort,enter_short_structured_persisted,6796.0,6796.0,0.0
ESOutput0430.txt,984,5,EnterShort,enter_short_structured_persisted,6796.0,6795.75,-0.25
ESOutput0430.txt,984,10,EnterShort,enter_short_structured_persisted,6796.0,6804.5,8.5
ESOutput0430.txt,994,3,ExitShort,short_dead_signal_exit deg=5,6804.5,6807.5,3.0
ESOutput0430.txt,995,3,EnterShort,enter_short_structured_persisted,6805.25,6806.25,1.0
ESOutput0430.txt,994,5,ExitShort,short_dead_signal_exit deg=5,6804.5,6807.0,2.5
ESOutput0430.txt,995,5,EnterShort,enter_short_structured_persisted,6805.25,6806.0,0.75
ESOutput0430.txt,1000,3,ExitShort,short_dead_signal_exit deg=5,6806.0,6805.0,-1.0
ESOutput0430.txt,994,10,ExitShort,short_dead_signal_exit deg=5,6804.5,6807.0,2.5
ESOutput0430.txt,1000,5,ExitShort,short_dead_signal_exit deg=5,6806.0,6808.75,2.75
ESOutput0430.txt,995,10,EnterShort,enter_short_structured_persisted,6805.25,6808.75,3.5
ESOutput0430.txt,1000,10,ExitShort,short_dead_signal_exit deg=5,6806.0,6807.75,1.75
ESOutput0430.txt,1013,3,EnterLong,enter_long_valid,6812.75,6819.25,6.5
ESOutput0430.txt,1013,5,EnterLong,enter_long_valid,6812.75,6812.25,-0.5
ESOutput0430.txt,1019,3,ExitLong,long_post_p3_weak_exit imbP3=-0.11 CNT id=44 dir=Up state=PostP3 P1=1010@6804.25 P2=1016@6821.75 P3=1018@6810.75 FTT=NA domLeg=1010-1016 pb=1017-1018 post=1019-1019 postP3Len=1 imbP2=0.20 imbP3=-0.11,6816.75,6811.75,-5.0
ESOutput0430.txt,1013,10,EnterLong,enter_long_valid,6812.75,6808.25,-4.5
ESOutput0430.txt,1019,5,ExitLong,long_post_p3_weak_exit imbP3=-0.11 CNT id=44 dir=Up state=PostP3 P1=1010@6804.25 P2=1016@6821.75 P3=1018@6810.75 FTT=NA domLeg=1010-1016 pb=1017-1018 post=1019-1019 postP3Len=1 imbP2=0.20 imbP3=-0.11,6816.75,6809.5,-7.25
ESOutput0430.txt,1019,10,ExitLong,long_post_p3_weak_exit imbP3=-0.11 CNT id=44 dir=Up state=PostP3 P1=1010@6804.25 P2=1016@6821.75 P3=1018@6810.75 FTT=NA domLeg=1010-1016 pb=1017-1018 post=1019-1019 postP3Len=1 imbP2=0.20 imbP3=-0.11,6816.75,6811.25,-5.5
ESOutput0430.txt,1184,3,EnterShort,enter_short_structured_persisted,6863.0,6862.75,-0.25
ESOutput0430.txt,1184,5,EnterShort,enter_short_structured_persisted,6863.0,6864.75,1.75
ESOutput0430.txt,1189,3,ExitShort,short_dead_signal_exit deg=5,6864.75,6864.75,0.0
ESOutput0430.txt,1190,3,EnterShort,enter_short_structured_persisted,6864.25,6862.75,-1.5
ESOutput0430.txt,1189,5,ExitShort,short_dead_signal_exit deg=5,6864.75,6864.0,-0.75
ESOutput0430.txt,1184,10,EnterShort,enter_short_structured_persisted,6863.0,6864.0,1.0
ESOutput0430.txt,1190,5,EnterShort,enter_short_structured_persisted,6864.25,6865.0,0.75
ESOutput0430.txt,1196,3,ExitShort,short_dead_signal_exit deg=6,6863.25,6862.25,-1.0
ESOutput0430.txt,1189,10,ExitShort,short_dead_signal_exit deg=5,6864.75,6862.25,-2.5
ESOutput0430.txt,1190,10,EnterShort,enter_short_structured_persisted,6864.25,6859.75,-4.5
ESOutput0430.txt,1196,5,ExitShort,short_dead_signal_exit deg=6,6863.25,6860.25,-3.0
ESOutput0430.txt,1196,10,ExitShort,short_dead_signal_exit deg=6,6863.25,6858.0,-5.25
ESOutput0430.txt,1359,3,EnterLong,enter_long_valid,6860.75,6855.75,-5.0
ESOutput0430.txt,1359,5,EnterLong,enter_long_valid,6860.75,6853.0,-7.75
ESOutput0430.txt,1365,3,ExitLong,long_decay_exit phase=None score=0.00 deg=6 exitTh=4 graceLimit=6 containerSupport=False earlySC=False,6850.5,6852.75,2.25
ESOutput0430.txt,1359,10,EnterLong,enter_long_valid,6860.75,6854.75,-6.0
ESOutput0430.txt,1365,5,ExitLong,long_decay_exit phase=None score=0.00 deg=6 exitTh=4 graceLimit=6 containerSupport=False earlySC=False,6850.5,6856.25,5.75
ESOutput0430.txt,1365,10,ExitLong,long_decay_exit phase=None score=0.00 deg=6 exitTh=4 graceLimit=6 containerSupport=False earlySC=False,6850.5,6860.25,9.75
ESOutput0430.txt,1471,3,EnterShort,enter_short_structured_persisted,6806.5,6807.25,0.75
ESOutput0430.txt,1471,5,EnterShort,enter_short_structured_persisted,6806.5,6810.75,4.25
ESOutput0430.txt,1477,3,ExitShort,short_dead_signal_exit deg=5,6810.75,6815.75,5.0
ESOutput0430.txt,1471,10,EnterShort,enter_short_structured_persisted,6806.5,6815.0,8.5
ESOutput0430.txt,1477,5,ExitShort,short_dead_signal_exit deg=5,6810.75,6813.0,2.25
ESOutput0430.txt,1480,3,EnterLong,enter_long_valid,6815.75,6813.5,-2.25
ESOutput0430.txt,1480,5,EnterLong,enter_long_valid,6815.75,6812.25,-3.5
ESOutput0430.txt,1477,10,ExitShort,short_dead_signal_exit deg=5,6810.75,6814.5,3.75
ESOutput0430.txt,1480,10,EnterLong,enter_long_valid,6815.75,6815.5,-0.25
ESOutput0430.txt,1492,3,ExitLong,long_ftt_failure_exit CNT id=64 dir=Up state=FttDetected P1=1476@6808.50 P2=1480@6816.75 P3=1483@6812.00 FTT=1492@6817.50 domLeg=1476-1480 pb=1481-1490 post=1491-1491 postP3Len=1 imbP2=0.00 imbP3=0.29,6812.0,6814.5,2.5
ESOutput0430.txt,1494,3,EnterLong,enter_long_valid,6814.25,6812.0,-2.25
ESOutput0430.txt,1492,5,ExitLong,long_ftt_failure_exit CNT id=64 dir=Up state=FttDetected P1=1476@6808.50 P2=1480@6816.75 P3=1483@6812.00 FTT=1492@6817.50 domLeg=1476-1480 pb=1481-1490 post=1491-1491 postP3Len=1 imbP2=0.00 imbP3=0.29,6812.0,6812.0,0.0
ESOutput0430.txt,1494,5,EnterLong,enter_long_valid,6814.25,6812.5,-1.75
ESOutput0430.txt,1492,10,ExitLong,long_ftt_failure_exit CNT id=64 dir=Up state=FttDetected P1=1476@6808.50 P2=1480@6816.75 P3=1483@6812.00 FTT=1492@6817.50 domLeg=1476-1480 pb=1481-1490 post=1491-1491 postP3Len=1 imbP2=0.00 imbP3=0.29,6812.0,6815.5,3.5
ESOutput0430.txt,1501,3,ExitLong,long_decay_exit phase=None score=0.00 deg=7 exitTh=4 graceLimit=6 containerSupport=True earlySC=False,6815.25,6817.75,2.5
ESOutput0430.txt,1494,10,EnterLong,enter_long_valid,6814.25,6817.75,3.5
ESOutput0430.txt,1501,5,ExitLong,long_decay_exit phase=None score=0.00 deg=7 exitTh=4 graceLimit=6 containerSupport=True earlySC=False,6815.25,6816.0,0.75
ESOutput0430.txt,1505,3,EnterLong,enter_long_valid,6818.25,6813.75,-4.5
ESOutput0430.txt,1505,5,EnterLong,enter_long_valid,6818.25,6814.75,-3.5
ESOutput0430.txt,1501,10,ExitLong,long_decay_exit phase=None score=0.00 deg=7 exitTh=4 graceLimit=6 containerSupport=True earlySC=False,6815.25,6813.25,-2.0
ESOutput0430.txt,1505,10,EnterLong,enter_long_valid,6818.25,6817.75,-0.5
ESOutput0430.txt,1515,3,ExitLong,long_decay_exit phase=None score=0.00 deg=9 exitTh=4 graceLimit=6 containerSupport=True earlySC=False,6817.75,6818.0,0.25
ESOutput0430.txt,1515,5,ExitLong,long_decay_exit phase=None score=0.00 deg=9 exitTh=4 graceLimit=6 containerSupport=True earlySC=False,6817.75,6815.0,-2.75
ESOutput0430.txt,1515,10,ExitLong,long_decay_exit phase=None score=0.00 deg=9 exitTh=4 graceLimit=6 containerSupport=True earlySC=False,6817.75,6813.75,-4.0
ESOutput0430.txt,1600,3,EnterLong,enter_long_valid,6868.5,6876.75,8.25
ESOutput0430.txt,1600,5,EnterLong,enter_long_valid,6868.5,6882.0,13.5
ESOutput0430.txt,1600,10,EnterLong,enter_long_valid,6868.5,6885.0,16.5
ESOutput0430.txt,1613,3,ExitLong,long_decay_exit phase=None score=0.00 deg=9 exitTh=4 graceLimit=6 containerSupport=True earlySC=False,6886.5,6883.25,-3.25
ESOutput0430.txt,1613,5,ExitLong,long_decay_exit phase=None score=0.00 deg=9 exitTh=4 graceLimit=6 containerSupport=True earlySC=False,6886.5,6883.5,-3.0
ESOutput0430.txt,1613,10,ExitLong,long_decay_exit phase=None score=0.00 deg=9 exitTh=4 graceLimit=6 containerSupport=True earlySC=False,6886.5,6886.5,0.0
ESOutput0430.txt,1631,3,EnterLong,enter_long_valid,6894.75,6893.5,-1.25
ESOutput0430.txt,1631,5,EnterLong,enter_long_valid,6894.75,6899.25,4.5
ESOutput0430.txt,1631,10,EnterLong,enter_long_valid,6894.75,6902.25,7.5
ESOutput0430.txt,1643,3,ExitLong,long_decay_exit phase=LongCandidate score=0.56 deg=5 exitTh=4 graceLimit=6 containerSupport=False earlySC=False,6921.25,6923.25,2.0
ESOutput0430.txt,1643,5,ExitLong,long_decay_exit phase=LongCandidate score=0.56 deg=5 exitTh=4 graceLimit=6 containerSupport=False earlySC=False,6921.25,6924.0,2.75
ESOutput0430.txt,1643,10,ExitLong,long_decay_exit phase=LongCandidate score=0.56 deg=5 exitTh=4 graceLimit=6 containerSupport=False earlySC=False,6921.25,6926.5,5.25
ESOutput0430.txt,1719,3,EnterShort,enter_short_structured_persisted,6923.75,6922.5,-1.25
ESOutput0430.txt,1719,5,EnterShort,enter_short_structured_persisted,6923.75,6923.25,-0.5
ESOutput0430.txt,1724,3,ExitShort,short_dead_signal_exit deg=5,6923.25,6924.25,1.0
ESOutput0430.txt,1725,3,EnterShort,enter_short_structured_persisted,6923.5,6924.25,0.75
ESOutput0430.txt,1724,5,ExitShort,short_dead_signal_exit deg=5,6923.25,6924.0,0.75
ESOutput0430.txt,1719,10,EnterShort,enter_short_structured_persisted,6923.75,6924.0,0.25
ESOutput0430.txt,1725,5,EnterShort,enter_short_structured_persisted,6923.5,6923.75,0.25
ESOutput0430.txt,1724,10,ExitShort,short_dead_signal_exit deg=5,6923.25,6924.5,1.25
ESOutput0430.txt,1732,3,ExitShort,exit_short_no_reverse strong_short_context longScore=0.33 CNT id=74 dir=Down state=FttDetected P1=1707@6927.25 P2=1717@6922.75 P3=1729@6924.50 FTT=1732@6924.50 domLeg=1707-1717 pb=1718-1730 post=1731-1731 postP3Len=1 imbP2=-1.00 imbP3=-1.00,6925.0,6924.25,-0.75
ESOutput0430.txt,1725,10,EnterShort,enter_short_structured_persisted,6923.5,6924.25,0.75
ESOutput0430.txt,1732,5,ExitShort,exit_short_no_reverse strong_short_context longScore=0.33 CNT id=74 dir=Down state=FttDetected P1=1707@6927.25 P2=1717@6922.75 P3=1729@6924.50 FTT=1732@6924.50 domLeg=1707-1717 pb=1718-1730 post=1731-1731 postP3Len=1 imbP2=-1.00 imbP3=-1.00,6925.0,6925.25,0.25
ESOutput0430.txt,1732,10,ExitShort,exit_short_no_reverse strong_short_context longScore=0.33 CNT id=74 dir=Down state=FttDetected P1=1707@6927.25 P2=1717@6922.75 P3=1729@6924.50 FTT=1732@6924.50 domLeg=1707-1717 pb=1718-1730 post=1731-1731 postP3Len=1 imbP2=-1.00 imbP3=-1.00,6925.0,6925.25,0.25
ESOutput0430.txt,1953,3,EnterLong,enter_long_valid,7012.75,7007.75,-5.0
ESOutput0430.txt,1953,5,EnterLong,enter_long_valid,7012.75,7008.25,-4.5
ESOutput0430.txt,1953,10,EnterLong,enter_long_valid,7012.75,7006.0,-6.75
ESOutput0430.txt,1962,3,ExitLong,long_decay_exit phase=ShortCandidate score=0.13 deg=9 exitTh=4 graceLimit=6 containerSupport=True earlySC=False,7007.75,7006.0,-1.75
ESOutput0430.txt,1962,5,ExitLong,long_decay_exit phase=ShortCandidate score=0.13 deg=9 exitTh=4 graceLimit=6 containerSupport=True earlySC=False,7007.75,7008.75,1.0
ESOutput0430.txt,1962,10,ExitLong,long_decay_exit phase=ShortCandidate score=0.13 deg=9 exitTh=4 graceLimit=6 containerSupport=True earlySC=False,7007.75,7011.0,3.25
ESOutput0430.txt,2049,3,EnterLong,enter_long_valid,7014.25,7005.25,-9.0
ESOutput0430.txt,2049,5,EnterLong,enter_long_valid,7014.25,7011.75,-2.5
ESOutput0430.txt,2049,10,EnterLong,enter_long_valid,7014.25,7020.5,6.25
ESOutput0430.txt,2057,3,ExitLong,long_decay_exit phase=ShortCandidate score=0.35 deg=7 exitTh=4 graceLimit=6 containerSupport=True earlySC=False,7015.75,7028.25,12.5
ESOutput0430.txt,2057,5,ExitLong,long_decay_exit phase=ShortCandidate score=0.35 deg=7 exitTh=4 graceLimit=6 containerSupport=True earlySC=False,7015.75,7026.75,11.0
ESOutput0430.txt,2057,10,ExitLong,long_decay_exit phase=ShortCandidate score=0.35 deg=7 exitTh=4 graceLimit=6 containerSupport=True earlySC=False,7015.75,7029.0,13.25
ESOutput0430.txt,2111,3,EnterLong,enter_long_valid,7052.25,7057.25,5.0
ESOutput0430.txt,2111,5,EnterLong,enter_long_valid,7052.25,7059.5,7.25
ESOutput0430.txt,2111,10,EnterLong,enter_long_valid,7052.25,7061.75,9.5
ESOutput0430.txt,2119,3,ExitLong,long_decay_exit phase=None score=0.00 deg=7 exitTh=4 graceLimit=6 containerSupport=True earlySC=False,7058.0,7061.75,3.75
ESOutput0430.txt,2119,5,ExitLong,long_decay_exit phase=None score=0.00 deg=7 exitTh=4 graceLimit=6 containerSupport=True earlySC=False,7058.0,7056.75,-1.25
ESOutput0430.txt,2119,10,ExitLong,long_decay_exit phase=None score=0.00 deg=7 exitTh=4 graceLimit=6 containerSupport=True earlySC=False,7058.0,7055.75,-2.25
ESOutput0430.txt,2163,3,EnterLong,enter_long_valid,7069.0,7069.25,0.25
ESOutput0430.txt,2163,5,EnterLong,enter_long_valid,7069.0,7069.25,0.25
NQOutput0430.txt,24,3,EnterLong,enter_long_valid,24156.0,24161.5,5.5
NQOutput0430.txt,24,5,EnterLong,enter_long_valid,24156.0,24171.5,15.5
NQOutput0430.txt,24,10,EnterLong,enter_long_valid,24156.0,24195.75,39.75
NQOutput0430.txt,39,3,ExitLong,long_decay_exit phase=None score=0.00 deg=4 exitTh=4 graceLimit=6 containerSupport=False earlySC=False,24197.75,24210.0,12.25
NQOutput0430.txt,39,5,ExitLong,long_decay_exit phase=None score=0.00 deg=4 exitTh=4 graceLimit=6 containerSupport=False earlySC=False,24197.75,24220.5,22.75
NQOutput0430.txt,39,10,ExitLong,long_decay_exit phase=None score=0.00 deg=4 exitTh=4 graceLimit=6 containerSupport=False earlySC=False,24197.75,24241.25,43.5
NQOutput0430.txt,50,3,EnterLong,enter_long_valid,24261.5,24311.25,49.75
NQOutput0430.txt,50,5,EnterLong,enter_long_valid,24261.5,24282.5,21.0
NQOutput0430.txt,50,10,EnterLong,enter_long_valid,24261.5,24214.25,-47.25
NQOutput0430.txt,61,3,ExitLong,long_ftt_failure_exit CNT id=3 dir=Up state=FttDetected P1=47@24183.75 P2=52@24326.75 P3=59@24222.00 FTT=61@24221.25 domLeg=47-52 pb=53-59 post=60-60 postP3Len=1 imbP2=0.93 imbP3=0.37,24205.0,24187.75,-17.25
NQOutput0430.txt,61,5,ExitLong,long_ftt_failure_exit CNT id=3 dir=Up state=FttDetected P1=47@24183.75 P2=52@24326.75 P3=59@24222.00 FTT=61@24221.25 domLeg=47-52 pb=53-59 post=60-60 postP3Len=1 imbP2=0.93 imbP3=0.37,24205.0,24185.75,-19.25
NQOutput0430.txt,61,10,ExitLong,long_ftt_failure_exit CNT id=3 dir=Up state=FttDetected P1=47@24183.75 P2=52@24326.75 P3=59@24222.00 FTT=61@24221.25 domLeg=47-52 pb=53-59 post=60-60 postP3Len=1 imbP2=0.93 imbP3=0.37,24205.0,24213.0,8.0
NQOutput0430.txt,155,3,EnterShort,enter_short_structured_persisted,24315.5,24289.5,-26.0
NQOutput0430.txt,155,5,EnterShort,enter_short_structured_persisted,24315.5,24296.0,-19.5
NQOutput0430.txt,155,10,EnterShort,enter_short_structured_persisted,24315.5,24304.0,-11.5
NQOutput0430.txt,166,3,ExitShort,short_dead_signal_exit deg=5,24309.25,24303.5,-5.75
NQOutput0430.txt,167,3,EnterShort,enter_short_structured_persisted,24306.5,24305.0,-1.5
NQOutput0430.txt,166,5,ExitShort,short_dead_signal_exit deg=5,24309.25,24301.75,-7.5
NQOutput0430.txt,167,5,EnterShort,enter_short_structured_persisted,24306.5,24305.5,-1.0
NQOutput0430.txt,172,3,ExitShort,short_dead_signal_exit deg=5,24305.5,24319.75,14.25
NQOutput0430.txt,166,10,ExitShort,short_dead_signal_exit deg=5,24309.25,24317.25,8.0
NQOutput0430.txt,172,5,ExitShort,short_dead_signal_exit deg=5,24305.5,24317.25,11.75
NQOutput0430.txt,167,10,EnterShort,enter_short_structured_persisted,24306.5,24317.25,10.75
NQOutput0430.txt,172,10,ExitShort,short_dead_signal_exit deg=5,24305.5,24307.5,2.0
NQOutput0430.txt,263,3,EnterLong,enter_long_valid,24363.25,24346.25,-17.0
NQOutput0430.txt,263,5,EnterLong,enter_long_valid,24363.25,24343.5,-19.75
NQOutput0430.txt,263,10,EnterLong,enter_long_valid,24363.25,24341.0,-22.25
NQOutput0430.txt,279,3,ExitLong,long_decay_exit phase=None score=0.00 deg=9 exitTh=4 graceLimit=6 containerSupport=True earlySC=False,24367.0,24306.0,-61.0
NQOutput0430.txt,279,5,ExitLong,long_decay_exit phase=None score=0.00 deg=9 exitTh=4 graceLimit=6 containerSupport=True earlySC=False,24367.0,24315.0,-52.0
NQOutput0430.txt,279,10,ExitLong,long_decay_exit phase=None score=0.00 deg=9 exitTh=4 graceLimit=6 containerSupport=True earlySC=False,24367.0,24317.5,-49.5
NQOutput0430.txt,357,3,EnterLong,enter_long_valid,24257.5,24244.5,-13.0
NQOutput0430.txt,357,5,EnterLong,enter_long_valid,24257.5,24249.0,-8.5
NQOutput0430.txt,357,10,EnterLong,enter_long_valid,24257.5,24218.75,-38.75
NQOutput0430.txt,365,3,ExitLong,long_decay_exit phase=None score=0.00 deg=5 exitTh=4 graceLimit=6 containerSupport=False earlySC=False,24224.0,24206.75,-17.25
NQOutput0430.txt,365,5,ExitLong,long_decay_exit phase=None score=0.00 deg=5 exitTh=4 graceLimit=6 containerSupport=False earlySC=False,24224.0,24222.0,-2.0
NQOutput0430.txt,365,10,ExitLong,long_decay_exit phase=None score=0.00 deg=5 exitTh=4 graceLimit=6 containerSupport=False earlySC=False,24224.0,24217.5,-6.5
NQOutput0430.txt,426,3,EnterShort,enter_short_structured_persisted,24317.0,24246.5,-70.5
NQOutput0430.txt,426,5,EnterShort,enter_short_structured_persisted,24317.0,24202.75,-114.25
NQOutput0430.txt,433,3,ExitShort,short_dead_signal_exit deg=5,24232.5,24234.75,2.25
NQOutput0430.txt,426,10,EnterShort,enter_short_structured_persisted,24317.0,24234.75,-82.25
NQOutput0430.txt,434,3,EnterShort,enter_short_structured_persisted,24221.5,24223.75,2.25
NQOutput0430.txt,433,5,ExitShort,short_dead_signal_exit deg=5,24232.5,24203.0,-29.5
NQOutput0430.txt,434,5,EnterShort,enter_short_structured_persisted,24221.5,24207.5,-14.0
NQOutput0430.txt,439,3,ExitShort,short_dead_signal_exit deg=5,24207.5,24209.0,1.5
NQOutput0430.txt,433,10,ExitShort,short_dead_signal_exit deg=5,24232.5,24210.75,-21.75
NQOutput0430.txt,439,5,ExitShort,short_dead_signal_exit deg=5,24207.5,24196.75,-10.75
NQOutput0430.txt,434,10,EnterShort,enter_short_structured_persisted,24221.5,24196.75,-24.75
NQOutput0430.txt,445,3,EnterShort,enter_short_structured_persisted,24180.0,24218.5,38.5
NQOutput0430.txt,439,10,ExitShort,short_dead_signal_exit deg=5,24207.5,24242.5,35.0
NQOutput0430.txt,445,5,EnterShort,enter_short_structured_persisted,24180.0,24216.75,36.75
NQOutput0430.txt,451,3,ExitShort,short_dead_signal_exit deg=5,24220.25,24216.25,-4.0
NQOutput0430.txt,452,3,EnterShort,enter_short_structured_persisted,24204.0,24214.75,10.75
NQOutput0430.txt,445,10,EnterShort,enter_short_structured_persisted,24180.0,24214.75,34.75
NQOutput0430.txt,451,5,ExitShort,short_dead_signal_exit deg=5,24220.25,24222.25,2.0
NQOutput0430.txt,452,5,EnterShort,enter_short_structured_persisted,24204.0,24230.25,26.25
NQOutput0430.txt,457,3,ExitShort,short_dead_signal_exit deg=5,24230.25,24241.75,11.5
NQOutput0430.txt,451,10,ExitShort,short_dead_signal_exit deg=5,24220.25,24243.5,23.25
NQOutput0430.txt,457,5,ExitShort,short_dead_signal_exit deg=5,24230.25,24221.25,-9.0
NQOutput0430.txt,452,10,EnterShort,enter_short_structured_persisted,24204.0,24221.25,17.25
NQOutput0430.txt,464,3,EnterShort,enter_short_structured_persisted,24196.5,24120.25,-76.25
NQOutput0430.txt,457,10,ExitShort,short_dead_signal_exit deg=5,24230.25,24120.25,-110.0
NQOutput0430.txt,464,5,EnterShort,enter_short_structured_persisted,24196.5,24019.25,-177.25
NQOutput0430.txt,469,3,ExitShort,short_dead_signal_exit deg=5,24019.25,24119.75,100.5
NQOutput0430.txt,469,5,ExitShort,short_dead_signal_exit deg=5,24019.25,24112.0,92.75
NQOutput0430.txt,464,10,EnterShort,enter_short_structured_persisted,24196.5,24112.0,-84.5
NQOutput0430.txt,469,10,ExitShort,short_dead_signal_exit deg=5,24019.25,24009.25,-10.0
NQOutput0430.txt,483,3,EnterShort,enter_short_structured_persisted,24048.0,24071.25,23.25
NQOutput0430.txt,483,5,EnterShort,enter_short_structured_persisted,24048.0,24053.5,5.5
NQOutput0430.txt,488,3,ExitShort,short_dead_signal_exit deg=5,24053.5,24108.5,55.0
NQOutput0430.txt,490,3,EnterShort,enter_short_structured_persisted,24085.75,24144.75,59.0
NQOutput0430.txt,488,5,ExitShort,short_dead_signal_exit deg=5,24053.5,24144.75,91.25
NQOutput0430.txt,483,10,EnterShort,enter_short_structured_persisted,24048.0,24144.75,96.75
NQOutput0430.txt,490,5,EnterShort,enter_short_structured_persisted,24085.75,24163.0,77.25
NQOutput0430.txt,488,10,ExitShort,short_dead_signal_exit deg=5,24053.5,24205.5,152.0
NQOutput0430.txt,490,10,EnterShort,enter_short_structured_persisted,24085.75,24204.75,119.0
NQOutput0430.txt,499,3,ExitShort,short_dead_signal_exit deg=9,24187.0,24224.25,37.25
NQOutput0430.txt,499,5,ExitShort,short_dead_signal_exit deg=9,24187.0,24225.5,38.5
NQOutput0430.txt,499,10,ExitShort,short_dead_signal_exit deg=9,24187.0,24188.5,1.5
NQOutput0430.txt,521,3,EnterShort,enter_short_structured_persisted,24194.0,24165.75,-28.25
NQOutput0430.txt,521,5,EnterShort,enter_short_structured_persisted,24194.0,24113.75,-80.25
NQOutput0430.txt,521,10,EnterShort,enter_short_structured_persisted,24194.0,24252.0,58.0
NQOutput0430.txt,536,3,ExitShort,short_dead_signal_exit deg=7,24240.5,24369.0,128.5
NQOutput0430.txt,536,5,ExitShort,short_dead_signal_exit deg=7,24240.5,24393.5,153.0
NQOutput0430.txt,536,10,ExitShort,short_dead_signal_exit deg=7,24240.5,24384.25,143.75
NQOutput0430.txt,559,3,EnterLong,enter_long_valid,24823.5,24849.75,26.25
NQOutput0430.txt,559,5,EnterLong,enter_long_valid,24823.5,24945.75,122.25
NQOutput0430.txt,559,10,EnterLong,enter_long_valid,24823.5,25046.25,222.75
NQOutput0430.txt,569,3,ExitLong,long_decay_exit phase=LongCandidate score=0.56 deg=6 exitTh=4 graceLimit=6 containerSupport=False earlySC=False,25046.25,25020.25,-26.0
NQOutput0430.txt,569,5,ExitLong,long_decay_exit phase=LongCandidate score=0.56 deg=6 exitTh=4 graceLimit=6 containerSupport=False earlySC=False,25046.25,25041.75,-4.5
NQOutput0430.txt,569,10,ExitLong,long_decay_exit phase=LongCandidate score=0.56 deg=6 exitTh=4 graceLimit=6 containerSupport=False earlySC=False,25046.25,25053.5,7.25
NQOutput0430.txt,625,3,EnterLong,enter_long_valid,25124.25,25136.5,12.25
NQOutput0430.txt,625,5,EnterLong,enter_long_valid,25124.25,25149.75,25.5
NQOutput0430.txt,625,10,EnterLong,enter_long_valid,25124.25,25125.25,1.0
NQOutput0430.txt,637,3,ExitLong,long_decay_exit phase=ShortCandidate score=0.18 deg=8 exitTh=4 graceLimit=6 containerSupport=True earlySC=False,25123.0,25150.75,27.75
NQOutput0430.txt,637,5,ExitLong,long_decay_exit phase=ShortCandidate score=0.18 deg=8 exitTh=4 graceLimit=6 containerSupport=True earlySC=False,25123.0,25161.0,38.0
NQOutput0430.txt,637,10,ExitLong,long_decay_exit phase=ShortCandidate score=0.18 deg=8 exitTh=4 graceLimit=6 containerSupport=True earlySC=False,25123.0,25192.25,69.25
NQOutput0430.txt,667,3,EnterShort,enter_short_early_ftt,25146.75,25148.75,2.0
NQOutput0430.txt,667,5,EnterShort,enter_short_early_ftt,25146.75,25142.75,-4.0
NQOutput0430.txt,672,3,ReverseToLong,reverse_to_long_candidate_early phase=LongCandidate score=0.52 deg=5 earlyLC=True,25142.75,25172.75,30.0
NQOutput0430.txt,672,5,ReverseToLong,reverse_to_long_candidate_early phase=LongCandidate score=0.52 deg=5 earlyLC=True,25142.75,25173.0,30.25
NQOutput0430.txt,667,10,EnterShort,enter_short_early_ftt,25146.75,25173.0,26.25
NQOutput0430.txt,679,3,ExitLong,long_ftt_failure_exit CNT id=33 dir=Up state=FttDetected P1=672@25134.25 P2=676@25176.25 P3=677@25162.50 FTT=679@25190.00 domLeg=672-676 pb=677-677 post=678-678 postP3Len=1 imbP2=0.52 imbP3=0.26,25177.25,25185.0,7.75
NQOutput0430.txt,672,10,ReverseToLong,reverse_to_long_candidate_early phase=LongCandidate score=0.52 deg=5 earlyLC=True,25142.75,25185.0,42.25
NQOutput0430.txt,679,5,ExitLong,long_ftt_failure_exit CNT id=33 dir=Up state=FttDetected P1=672@25134.25 P2=676@25176.25 P3=677@25162.50 FTT=679@25190.00 domLeg=672-676 pb=677-677 post=678-678 postP3Len=1 imbP2=0.52 imbP3=0.26,25177.25,25211.75,34.5
NQOutput0430.txt,679,10,ExitLong,long_ftt_failure_exit CNT id=33 dir=Up state=FttDetected P1=672@25134.25 P2=676@25176.25 P3=677@25162.50 FTT=679@25190.00 domLeg=672-676 pb=677-677 post=678-678 postP3Len=1 imbP2=0.52 imbP3=0.26,25177.25,25215.5,38.25
NQOutput0430.txt,704,3,EnterLong,enter_long_valid,25222.75,25204.5,-18.25
NQOutput0430.txt,704,5,EnterLong,enter_long_valid,25222.75,25200.5,-22.25
NQOutput0430.txt,704,10,EnterLong,enter_long_valid,25222.75,25228.0,5.25
NQOutput0430.txt,715,3,ExitLong,long_decay_exit phase=None score=0.00 deg=9 exitTh=4 graceLimit=6 containerSupport=True earlySC=False,25214.5,25215.5,1.0
NQOutput0430.txt,715,5,ExitLong,long_decay_exit phase=None score=0.00 deg=9 exitTh=4 graceLimit=6 containerSupport=True earlySC=False,25214.5,25243.5,29.0
NQOutput0430.txt,715,10,ExitLong,long_decay_exit phase=None score=0.00 deg=9 exitTh=4 graceLimit=6 containerSupport=True earlySC=False,25214.5,25190.0,-24.5
NQOutput0430.txt,745,3,EnterShort,enter_short_structured_persisted,25078.25,25077.5,-0.75
NQOutput0430.txt,745,5,EnterShort,enter_short_structured_persisted,25078.25,25050.5,-27.75
NQOutput0430.txt,750,3,ExitShort,short_dead_signal_exit deg=5,25050.5,25029.75,-20.75
NQOutput0430.txt,750,5,ExitShort,short_dead_signal_exit deg=5,25050.5,24993.0,-57.5
NQOutput0430.txt,745,10,EnterShort,enter_short_structured_persisted,25078.25,24993.0,-85.25
NQOutput0430.txt,754,3,EnterShort,enter_short_structured_persisted,25006.0,24990.25,-15.75
NQOutput0430.txt,754,5,EnterShort,enter_short_structured_persisted,25006.0,25033.75,27.75
NQOutput0430.txt,750,10,ExitShort,short_dead_signal_exit deg=5,25050.5,25027.25,-23.25
NQOutput0430.txt,759,3,ExitShort,short_dead_signal_exit deg=5,25033.75,25035.75,2.0
NQOutput0430.txt,760,3,EnterShort,enter_short_structured_persisted,25027.25,25055.25,28.0
NQOutput0430.txt,759,5,ExitShort,short_dead_signal_exit deg=5,25033.75,25056.0,22.25
NQOutput0430.txt,754,10,EnterShort,enter_short_structured_persisted,25006.0,25056.0,50.0
NQOutput0430.txt,760,5,EnterShort,enter_short_structured_persisted,25027.25,25079.0,51.75
NQOutput0430.txt,765,3,ExitShort,short_dead_signal_exit deg=5,25079.0,25101.25,22.25
NQOutput0430.txt,759,10,ExitShort,short_dead_signal_exit deg=5,25033.75,25095.0,61.25
NQOutput0430.txt,765,5,ExitShort,short_dead_signal_exit deg=5,25079.0,25081.5,2.5
NQOutput0430.txt,760,10,EnterShort,enter_short_structured_persisted,25027.25,25081.5,54.25
NQOutput0430.txt,765,10,ExitShort,short_dead_signal_exit deg=5,25079.0,25117.75,38.75
NQOutput0430.txt,871,3,EnterShort,enter_short_structured_persisted,25004.0,25019.5,15.5
NQOutput0430.txt,871,5,EnterShort,enter_short_structured_persisted,25004.0,25026.25,22.25
NQOutput0430.txt,871,10,EnterShort,enter_short_structured_persisted,25004.0,25026.75,22.75
NQOutput0430.txt,879,3,ExitShort,short_dead_signal_exit deg=8,25038.25,25030.25,-8.0
NQOutput0430.txt,879,5,ExitShort,short_dead_signal_exit deg=8,25038.25,25033.0,-5.25
NQOutput0430.txt,879,10,ExitShort,short_dead_signal_exit deg=8,25038.25,25031.5,-6.75
NQOutput0430.txt,894,3,EnterShort,enter_short_structured_persisted,25028.0,25016.75,-11.25
NQOutput0430.txt,894,5,EnterShort,enter_short_structured_persisted,25028.0,25018.5,-9.5
NQOutput0430.txt,894,10,EnterShort,enter_short_structured_persisted,25028.0,25011.75,-16.25
NQOutput0430.txt,911,3,ExitShort,short_dead_signal_exit deg=5,25014.0,25011.75,-2.25
NQOutput0430.txt,912,3,EnterShort,enter_short_structured_persisted,25013.5,25025.25,11.75
NQOutput0430.txt,911,5,ExitShort,short_dead_signal_exit deg=5,25014.0,25021.5,7.5
NQOutput0430.txt,912,5,EnterShort,enter_short_structured_persisted,25013.5,25032.75,19.25
